customer_id,age,gender,city,account_tenure_months
100000,59,Male,Hyderabad,94
100001,49,Male,Chennai,110
100002,35,Male,Hyderabad,59
100003,63,Female,Bengaluru,79
100004,28,Male,Hyderabad,27
100005,41,Male,Mumbai,88
100006,59,Female,Kolkata,70
100007,39,Female,Chennai,69
100008,43,Male,Mumbai,76
100009,31,Female,Hyderabad,9
100010,31,Male,Bengaluru,70
100011,44,Male,Delhi,20
100012,56,Male,Pune,109
100013,60,Male,Kolkata,81
100014,44,Female,Pune,27
100015,23,Male,Hyderabad,91
100016,42,Female,Kolkata,119
100017,22,Female,Kolkata,52
100018,44,Female,Bengaluru,86
100019,64,Female,Kolkata,98
100020,50,Male,Chennai,51
100021,58,Female,Mumbai,19
100022,22,Male,Mumbai,55
100023,41,Female,Mumbai,25
100024,53,Female,Chennai,55
100025,32,Male,Pune,117
100026,42,Male,Bengaluru,38
100027,64,Male,Kolkata,64
100028,45,Female,Chennai,48
100029,69,Female,Mumbai,84
100030,47,Male,Hyderabad,17
100031,62,Male,Delhi,45
100032,48,Male,Kolkata,25
100033,36,Male,Chennai,99
100034,35,Female,Chennai,43
100035,67,Male,Bengaluru,8
100036,64,Male,Bengaluru,33
100037,23,Male,Chennai,61
100038,57,Male,Mumbai,95
100039,27,Female,Delhi,99
100040,41,Male,Kolkata,18
100041,29,Female,Bengaluru,82
100042,59,Male,Kolkata,71
100043,38,Male,Mumbai,42
100044,24,Female,Kolkata,54
100045,45,Male,Hyderabad,107
100046,34,Female,Bengaluru,71
100047,29,Female,Mumbai,41
100048,46,Male,Mumbai,59
100049,22,Female,Delhi,31
100050,40,Female,Delhi,80
100051,48,Female,Hyderabad,77
100052,67,Female,Mumbai,113
100053,27,Female,Pune,45
100054,64,Female,Mumbai,48
100055,28,Female,Delhi,27
100056,67,Female,Pune,25
100057,55,Male,Bengaluru,13
100058,34,Male,Bengaluru,34
100059,37,Female,Kolkata,45
100060,56,Male,Chennai,95
100061,60,Female,Delhi,35
100062,24,Female,Chennai,86
100063,22,Male,Pune,89
100064,26,Female,Delhi,60
100065,62,Female,Hyderabad,21
100066,24,Female,Mumbai,51
100067,49,Female,Hyderabad,67
100068,38,Male,Pune,112
100069,46,Female,Delhi,12
100070,64,Female,Pune,85
100071,54,Female,Mumbai,50
100072,30,Male,Bengaluru,64
100073,56,Female,Bengaluru,116
100074,34,Male,Pune,61
100075,51,Male,Chennai,53
100076,68,Female,Delhi,32
100077,35,Female,Delhi,58
100078,28,Male,Bengaluru,92
100079,34,Female,Kolkata,93
100080,43,Male,Hyderabad,78
100081,60,Male,Kolkata,40
100082,41,Female,Mumbai,56
100083,36,Female,Hyderabad,89
100084,65,Male,Hyderabad,42
100085,38,Male,Pune,111
100086,67,Male,Bengaluru,86
100087,44,Male,Kolkata,116
100088,46,Female,Kolkata,100
100089,45,Female,Bengaluru,62
100090,65,Female,Kolkata,13
100091,61,Female,Bengaluru,84
100092,49,Female,Pune,100
100093,35,Male,Chennai,99
100094,65,Female,Hyderabad,115
100095,21,Female,Pune,25
100096,45,Female,Delhi,108
100097,27,Female,Mumbai,58
100098,29,Female,Chennai,17
100099,44,Male,Delhi,54
100100,21,Male,Hyderabad,22
100101,64,Male,Kolkata,69
100102,28,Female,Bengaluru,47
100103,44,Male,Hyderabad,99
100104,31,Male,Pune,34
100105,37,Female,Mumbai,24
100106,28,Female,Pune,115
100107,55,Female,Chennai,16
100108,55,Male,Chennai,103
100109,53,Male,Mumbai,55
100110,25,Female,Delhi,76
100111,62,Female,Delhi,113
100112,59,Male,Chennai,63
100113,61,Male,Chennai,39
100114,48,Female,Kolkata,25
100115,27,Female,Bengaluru,55
100116,29,Male,Kolkata,107
100117,28,Female,Kolkata,93
100118,32,Male,Delhi,15
100119,54,Male,Mumbai,37
100120,53,Male,Delhi,57
100121,68,Male,Bengaluru,20
100122,43,Female,Pune,106
100123,44,Female,Chennai,89
100124,57,Male,Chennai,8
100125,55,Male,Bengaluru,42
100126,64,Male,Kolkata,45
100127,60,Male,Mumbai,77
100128,42,Male,Chennai,45
100129,47,Female,Hyderabad,113
100130,55,Female,Kolkata,61
100131,21,Female,Chennai,28
100132,55,Female,Hyderabad,109
100133,57,Male,Bengaluru,16
100134,67,Male,Bengaluru,115
100135,34,Male,Kolkata,69
100136,23,Male,Chennai,13
100137,21,Male,Delhi,98
100138,25,Female,Hyderabad,99
100139,46,Male,Mumbai,61
100140,34,Female,Chennai,65
100141,59,Female,Mumbai,15
100142,47,Female,Chennai,44
100143,29,Female,Delhi,33
100144,35,Male,Delhi,54
100145,35,Female,Kolkata,41
100146,46,Female,Kolkata,18
100147,62,Female,Delhi,101
100148,33,Male,Pune,41
100149,52,Male,Delhi,106
100150,59,Male,Bengaluru,31
100151,69,Female,Bengaluru,91
100152,52,Female,Pune,9
100153,24,Male,Hyderabad,100
100154,50,Female,Mumbai,87
100155,57,Male,Chennai,69
100156,43,Male,Chennai,43
100157,59,Female,Pune,93
100158,65,Female,Bengaluru,92
100159,35,Female,Kolkata,27
100160,63,Female,Chennai,7
100161,49,Male,Bengaluru,36
100162,56,Male,Hyderabad,16
100163,33,Male,Mumbai,97
100164,52,Male,Hyderabad,51
100165,27,Male,Pune,101
100166,42,Female,Delhi,67
100167,48,Male,Delhi,74
100168,22,Male,Delhi,69
100169,62,Male,Hyderabad,107
100170,65,Female,Chennai,15
100171,26,Female,Mumbai,45
100172,48,Female,Delhi,115
100173,48,Female,Pune,29
100174,64,Male,Pune,104
100175,64,Male,Delhi,49
100176,40,Female,Delhi,117
100177,50,Female,Mumbai,65
100178,31,Male,Delhi,67
100179,48,Male,Mumbai,92
100180,45,Female,Pune,22
100181,59,Female,Delhi,70
100182,53,Female,Hyderabad,100
100183,21,Female,Kolkata,100
100184,47,Male,Hyderabad,111
100185,33,Male,Pune,62
100186,61,Male,Mumbai,60
100187,23,Female,Hyderabad,111
100188,59,Female,Mumbai,58
100189,26,Male,Hyderabad,61
100190,28,Male,Hyderabad,103
100191,47,Male,Mumbai,14
100192,29,Male,Chennai,27
100193,57,Female,Hyderabad,18
100194,53,Male,Delhi,94
100195,62,Male,Kolkata,53
100196,64,Male,Pune,23
100197,44,Male,Chennai,81
100198,35,Male,Mumbai,45
100199,52,Male,Chennai,22
100200,52,Male,Bengaluru,20
100201,44,Female,Bengaluru,111
100202,61,Female,Hyderabad,20
100203,69,Female,Hyderabad,84
100204,69,Female,Delhi,68
100205,32,Male,Kolkata,44
100206,59,Female,Pune,18
100207,22,Female,Chennai,86
100208,23,Male,Bengaluru,37
100209,69,Male,Hyderabad,14
100210,57,Female,Pune,45
100211,69,Female,Chennai,25
100212,37,Male,Hyderabad,95
100213,69,Female,Hyderabad,96
100214,22,Male,Bengaluru,90
100215,22,Male,Bengaluru,87
100216,48,Male,Hyderabad,82
100217,43,Male,Mumbai,85
100218,57,Female,Hyderabad,78
100219,52,Male,Pune,68
100220,53,Male,Hyderabad,81
100221,21,Female,Delhi,49
100222,39,Male,Kolkata,43
100223,22,Female,Delhi,88
100224,64,Female,Delhi,65
100225,46,Female,Mumbai,76
100226,52,Male,Mumbai,104
100227,26,Female,Hyderabad,53
100228,52,Female,Delhi,23
100229,24,Male,Mumbai,21
100230,31,Female,Bengaluru,60
100231,37,Female,Hyderabad,44
100232,58,Female,Pune,73
100233,44,Female,Kolkata,64
100234,25,Female,Chennai,94
100235,54,Male,Hyderabad,101
100236,26,Female,Chennai,67
100237,42,Female,Delhi,109
100238,31,Male,Kolkata,18
100239,68,Male,Chennai,114
100240,36,Male,Delhi,86
100241,53,Female,Bengaluru,118
100242,29,Male,Chennai,106
100243,26,Female,Kolkata,11
100244,36,Female,Hyderabad,88
100245,49,Male,Delhi,82
100246,23,Male,Hyderabad,65
100247,40,Female,Kolkata,95
100248,56,Male,Mumbai,19
100249,39,Female,Delhi,100
100250,46,Male,Chennai,59
100251,23,Male,Delhi,9
100252,39,Male,Hyderabad,44
100253,40,Female,Bengaluru,77
100254,52,Male,Delhi,30
100255,27,Female,Chennai,82
100256,61,Female,Mumbai,37
100257,53,Female,Pune,64
100258,60,Female,Bengaluru,107
100259,59,Male,Mumbai,68
100260,38,Female,Delhi,43
100261,60,Female,Hyderabad,97
100262,21,Male,Kolkata,58
100263,31,Female,Hyderabad,99
100264,48,Male,Chennai,72
100265,45,Female,Hyderabad,33
100266,43,Male,Bengaluru,8
100267,51,Female,Hyderabad,114
100268,50,Male,Chennai,103
100269,62,Female,Pune,85
100270,55,Female,Delhi,27
100271,27,Male,Kolkata,101
100272,36,Male,Delhi,43
100273,46,Male,Hyderabad,77
100274,68,Male,Mumbai,77
100275,69,Female,Delhi,67
100276,22,Female,Pune,62
100277,21,Male,Hyderabad,11
100278,68,Female,Kolkata,83
100279,32,Male,Chennai,37
100280,25,Male,Pune,104
100281,57,Female,Hyderabad,15
100282,52,Female,Pune,8
100283,29,Female,Delhi,64
100284,61,Female,Kolkata,81
100285,55,Female,Chennai,54
100286,39,Female,Hyderabad,64
100287,68,Female,Bengaluru,36
100288,36,Male,Chennai,98
100289,23,Male,Bengaluru,74
100290,40,Male,Pune,67
100291,44,Male,Mumbai,57
100292,53,Male,Chennai,94
100293,44,Female,Pune,46
100294,31,Male,Bengaluru,36
100295,69,Male,Delhi,90
100296,28,Male,Delhi,89
100297,56,Male,Mumbai,108
100298,58,Male,Chennai,27
100299,60,Male,Chennai,9
100300,40,Male,Chennai,18
100301,55,Female,Pune,50
100302,68,Female,Kolkata,47
100303,45,Male,Kolkata,119
100304,55,Female,Mumbai,54
100305,45,Female,Chennai,25
100306,49,Female,Pune,82
100307,38,Female,Delhi,86
100308,66,Male,Bengaluru,59
100309,38,Female,Pune,41
100310,22,Female,Kolkata,102
100311,55,Female,Kolkata,6
100312,36,Male,Delhi,20
100313,61,Male,Delhi,82
100314,56,Male,Bengaluru,22
100315,53,Male,Delhi,29
100316,24,Male,Mumbai,63
100317,53,Male,Bengaluru,77
100318,34,Male,Delhi,119
100319,41,Female,Hyderabad,96
100320,68,Female,Pune,114
100321,40,Female,Delhi,28
100322,28,Male,Mumbai,51
100323,27,Male,Chennai,77
100324,23,Male,Delhi,13
100325,37,Male,Kolkata,64
100326,53,Male,Kolkata,95
100327,68,Female,Kolkata,116
100328,32,Female,Chennai,64
100329,42,Male,Kolkata,18
100330,42,Male,Hyderabad,44
100331,66,Male,Delhi,106
100332,50,Male,Kolkata,118
100333,58,Female,Bengaluru,33
100334,58,Male,Chennai,94
100335,65,Male,Hyderabad,66
100336,28,Male,Bengaluru,21
100337,47,Male,Bengaluru,7
100338,47,Female,Bengaluru,87
100339,54,Male,Bengaluru,22
100340,41,Male,Delhi,35
100341,50,Female,Kolkata,108
100342,53,Female,Pune,18
100343,48,Female,Delhi,101
100344,67,Male,Delhi,119
100345,53,Male,Hyderabad,98
100346,25,Female,Hyderabad,115
100347,68,Female,Kolkata,99
100348,39,Female,Pune,87
100349,24,Female,Hyderabad,18
100350,55,Female,Kolkata,48
100351,69,Female,Kolkata,90
100352,37,Male,Mumbai,99
100353,64,Male,Pune,26
100354,48,Male,Hyderabad,117
100355,50,Female,Pune,60
100356,49,Female,Delhi,86
100357,66,Female,Delhi,45
100358,26,Female,Pune,88
100359,55,Female,Mumbai,20
100360,61,Female,Mumbai,78
100361,57,Male,Pune,57
100362,44,Male,Hyderabad,79
100363,49,Female,Chennai,113
100364,69,Male,Mumbai,100
100365,66,Female,Bengaluru,58
100366,51,Male,Delhi,92
100367,55,Female,Pune,57
100368,53,Female,Bengaluru,35
100369,41,Male,Pune,38
100370,52,Male,Kolkata,62
100371,43,Female,Delhi,57
100372,53,Female,Delhi,14
100373,23,Male,Mumbai,59
100374,38,Male,Mumbai,116
100375,45,Female,Bengaluru,6
100376,62,Male,Kolkata,49
100377,51,Female,Pune,104
100378,23,Female,Kolkata,80
100379,60,Female,Delhi,103
100380,66,Female,Bengaluru,85
100381,44,Male,Chennai,14
100382,52,Male,Bengaluru,37
100383,67,Male,Hyderabad,20
100384,42,Male,Bengaluru,17
100385,43,Male,Kolkata,102
100386,22,Male,Hyderabad,114
100387,47,Male,Hyderabad,83
100388,62,Female,Hyderabad,62
100389,22,Male,Chennai,13
100390,46,Male,Bengaluru,77
100391,37,Female,Kolkata,32
100392,60,Male,Bengaluru,67
100393,53,Male,Chennai,17
100394,29,Female,Delhi,70
100395,63,Male,Mumbai,112
100396,68,Male,Kolkata,109
100397,59,Male,Kolkata,47
100398,49,Female,Bengaluru,67
100399,62,Male,Mumbai,16
100400,46,Male,Pune,108
100401,55,Female,Pune,48
100402,45,Male,Chennai,100
100403,44,Female,Pune,22
100404,33,Female,Kolkata,102
100405,27,Male,Pune,37
100406,56,Female,Delhi,98
100407,65,Female,Delhi,90
100408,40,Male,Delhi,90
100409,21,Female,Pune,45
100410,28,Female,Chennai,28
100411,66,Male,Hyderabad,61
100412,36,Male,Hyderabad,11
100413,34,Male,Mumbai,91
100414,32,Female,Hyderabad,55
100415,43,Male,Hyderabad,107
100416,35,Female,Delhi,42
100417,48,Female,Delhi,114
100418,54,Female,Pune,69
100419,22,Female,Mumbai,59
100420,52,Female,Bengaluru,77
100421,43,Female,Kolkata,110
100422,42,Female,Mumbai,54
100423,45,Male,Mumbai,104
100424,42,Male,Chennai,16
100425,42,Female,Pune,93
100426,69,Female,Chennai,54
100427,62,Male,Mumbai,26
100428,26,Female,Mumbai,71
100429,35,Male,Mumbai,68
100430,63,Male,Hyderabad,109
100431,57,Male,Kolkata,88
100432,53,Female,Kolkata,108
100433,28,Female,Chennai,33
100434,64,Male,Mumbai,22
100435,64,Male,Kolkata,11
100436,25,Male,Delhi,24
100437,59,Male,Kolkata,61
100438,24,Male,Pune,107
100439,26,Female,Pune,33
100440,65,Male,Kolkata,71
100441,52,Female,Delhi,43
100442,50,Male,Pune,42
100443,67,Female,Hyderabad,73
100444,55,Female,Kolkata,91
100445,60,Female,Hyderabad,95
100446,36,Female,Kolkata,54
100447,33,Female,Bengaluru,48
100448,62,Female,Bengaluru,41
100449,50,Male,Bengaluru,63
100450,39,Female,Pune,18
100451,37,Male,Hyderabad,57
100452,39,Female,Hyderabad,63
100453,48,Female,Hyderabad,37
100454,46,Male,Delhi,86
100455,57,Female,Hyderabad,110
100456,46,Male,Delhi,105
100457,43,Male,Bengaluru,65
100458,29,Male,Bengaluru,115
100459,32,Male,Pune,88
100460,21,Female,Kolkata,63
100461,21,Female,Bengaluru,104
100462,67,Male,Kolkata,115
100463,54,Female,Kolkata,109
100464,52,Female,Pune,61
100465,68,Male,Mumbai,33
100466,45,Female,Mumbai,6
100467,60,Male,Chennai,47
100468,65,Male,Pune,87
100469,21,Female,Chennai,53
100470,36,Female,Chennai,45
100471,59,Female,Mumbai,102
100472,25,Male,Pune,68
100473,42,Male,Mumbai,81
100474,49,Female,Chennai,77
100475,23,Female,Pune,93
100476,32,Female,Chennai,85
100477,46,Female,Hyderabad,119
100478,36,Male,Kolkata,9
100479,57,Female,Pune,43
100480,42,Male,Pune,113
100481,49,Male,Kolkata,32
100482,34,Female,Chennai,14
100483,48,Female,Hyderabad,116
100484,25,Female,Delhi,21
100485,67,Male,Kolkata,61
100486,69,Female,Mumbai,81
100487,50,Female,Chennai,36
100488,66,Male,Kolkata,93
100489,25,Female,Kolkata,19
100490,32,Male,Pune,114
100491,36,Female,Mumbai,30
100492,46,Male,Mumbai,39
100493,46,Female,Mumbai,72
100494,68,Female,Kolkata,29
100495,41,Male,Delhi,111
100496,59,Male,Bengaluru,78
100497,56,Female,Chennai,31
100498,53,Male,Bengaluru,25
100499,50,Male,Kolkata,69
100500,57,Male,Bengaluru,109
100501,43,Male,Kolkata,15
100502,30,Female,Bengaluru,88
100503,25,Female,Mumbai,72
100504,56,Male,Hyderabad,29
100505,54,Male,Mumbai,10
100506,51,Male,Mumbai,72
100507,30,Male,Pune,63
100508,39,Female,Pune,32
100509,52,Female,Bengaluru,85
100510,21,Male,Kolkata,118
100511,25,Male,Mumbai,20
100512,65,Male,Bengaluru,40
100513,24,Female,Pune,81
100514,36,Male,Hyderabad,110
100515,44,Female,Chennai,58
100516,36,Male,Bengaluru,49
100517,22,Female,Hyderabad,31
100518,69,Male,Chennai,52
100519,48,Female,Delhi,39
100520,52,Male,Bengaluru,92
100521,47,Male,Bengaluru,100
100522,40,Male,Delhi,55
100523,44,Female,Delhi,89
100524,32,Male,Bengaluru,17
100525,55,Female,Delhi,92
100526,53,Female,Mumbai,9
100527,53,Male,Chennai,92
100528,63,Male,Chennai,53
100529,57,Male,Chennai,60
100530,32,Female,Mumbai,117
100531,23,Male,Kolkata,6
100532,21,Female,Delhi,94
100533,53,Female,Hyderabad,71
100534,60,Male,Delhi,35
100535,30,Male,Bengaluru,8
100536,63,Male,Pune,26
100537,64,Male,Chennai,94
100538,49,Male,Delhi,89
100539,33,Male,Hyderabad,54
100540,32,Female,Bengaluru,91
100541,51,Female,Mumbai,90
100542,66,Female,Kolkata,67
100543,22,Male,Mumbai,102
100544,55,Female,Hyderabad,43
100545,43,Female,Bengaluru,20
100546,37,Female,Chennai,115
100547,46,Female,Delhi,57
100548,28,Female,Bengaluru,84
100549,49,Male,Kolkata,51
100550,46,Male,Mumbai,30
100551,30,Female,Kolkata,26
100552,46,Female,Kolkata,93
100553,54,Female,Hyderabad,10
100554,61,Male,Hyderabad,75
100555,27,Male,Delhi,118
100556,24,Female,Hyderabad,112
100557,65,Male,Hyderabad,117
100558,31,Male,Bengaluru,113
100559,49,Female,Chennai,52
100560,56,Male,Delhi,92
100561,45,Male,Bengaluru,73
100562,41,Female,Chennai,96
100563,56,Male,Kolkata,23
100564,30,Male,Bengaluru,26
100565,57,Female,Pune,97
100566,29,Male,Bengaluru,104
100567,44,Male,Hyderabad,91
100568,55,Female,Chennai,109
100569,69,Female,Delhi,28
100570,55,Female,Delhi,69
100571,68,Male,Chennai,72
100572,56,Female,Hyderabad,45
100573,38,Male,Mumbai,119
100574,69,Female,Bengaluru,15
100575,59,Male,Hyderabad,94
100576,52,Female,Pune,57
100577,44,Female,Kolkata,118
100578,43,Female,Chennai,77
100579,52,Female,Bengaluru,80
100580,57,Male,Delhi,66
100581,32,Female,Kolkata,69
100582,69,Female,Mumbai,10
100583,33,Male,Pune,114
100584,43,Female,Delhi,58
100585,45,Male,Chennai,60
100586,55,Female,Bengaluru,42
100587,61,Female,Chennai,61
100588,50,Female,Kolkata,64
100589,37,Male,Bengaluru,114
100590,69,Female,Hyderabad,107
100591,40,Female,Mumbai,98
100592,68,Female,Hyderabad,74
100593,45,Male,Hyderabad,78
100594,42,Male,Chennai,64
100595,33,Female,Kolkata,117
100596,39,Male,Mumbai,7
100597,69,Female,Bengaluru,70
100598,56,Female,Bengaluru,109
100599,32,Female,Pune,65
100600,61,Female,Delhi,56
100601,39,Female,Pune,35
100602,32,Female,Pune,16
100603,29,Female,Bengaluru,97
100604,27,Male,Chennai,113
100605,48,Male,Hyderabad,81
100606,34,Male,Kolkata,44
100607,51,Male,Hyderabad,95
100608,39,Male,Hyderabad,82
100609,67,Male,Mumbai,77
100610,36,Male,Bengaluru,68
100611,25,Female,Kolkata,69
100612,55,Female,Chennai,66
100613,32,Female,Mumbai,59
100614,45,Female,Delhi,97
100615,41,Male,Chennai,99
100616,56,Male,Pune,78
100617,43,Female,Chennai,108
100618,36,Female,Chennai,100
100619,59,Male,Hyderabad,63
100620,65,Female,Chennai,90
100621,62,Female,Pune,61
100622,59,Female,Pune,116
100623,34,Female,Bengaluru,39
100624,51,Male,Chennai,36
100625,25,Female,Hyderabad,57
100626,55,Female,Chennai,94
100627,43,Male,Delhi,81
100628,49,Male,Delhi,6
100629,63,Female,Hyderabad,60
100630,31,Male,Bengaluru,27
100631,38,Female,Bengaluru,45
100632,67,Female,Pune,106
100633,32,Male,Pune,116
100634,29,Female,Mumbai,6
100635,30,Female,Hyderabad,70
100636,64,Female,Chennai,68
100637,37,Female,Kolkata,111
100638,58,Male,Hyderabad,59
100639,27,Male,Mumbai,47
100640,66,Female,Pune,26
100641,33,Male,Hyderabad,84
100642,60,Female,Hyderabad,86
100643,62,Female,Pune,27
100644,29,Female,Mumbai,43
100645,47,Female,Pune,104
100646,22,Female,Bengaluru,114
100647,25,Male,Chennai,85
100648,49,Female,Pune,13
100649,57,Male,Mumbai,67
100650,58,Male,Delhi,52
100651,39,Female,Bengaluru,22
100652,28,Female,Delhi,22
100653,68,Female,Kolkata,95
100654,65,Female,Pune,18
100655,21,Female,Bengaluru,22
100656,42,Male,Chennai,43
100657,37,Female,Pune,86
100658,27,Female,Chennai,117
100659,45,Male,Hyderabad,83
100660,65,Male,Delhi,50
100661,24,Female,Bengaluru,11
100662,56,Male,Chennai,40
100663,26,Female,Mumbai,115
100664,51,Male,Chennai,19
100665,39,Male,Mumbai,116
100666,64,Female,Pune,77
100667,59,Male,Bengaluru,66
100668,47,Male,Chennai,20
100669,30,Male,Kolkata,59
100670,46,Male,Chennai,32
100671,39,Male,Kolkata,18
100672,59,Male,Bengaluru,118
100673,23,Female,Chennai,36
100674,65,Female,Mumbai,40
100675,33,Male,Chennai,65
100676,48,Female,Delhi,11
100677,40,Female,Pune,74
100678,48,Female,Hyderabad,91
100679,28,Male,Mumbai,63
100680,61,Female,Delhi,54
100681,59,Male,Kolkata,28
100682,21,Female,Pune,94
100683,23,Male,Bengaluru,39
100684,33,Male,Mumbai,31
100685,48,Female,Hyderabad,52
100686,69,Female,Pune,10
100687,45,Male,Kolkata,95
100688,53,Female,Hyderabad,25
100689,58,Female,Bengaluru,11
100690,26,Female,Bengaluru,75
100691,64,Male,Kolkata,64
100692,65,Male,Mumbai,69
100693,52,Female,Kolkata,119
100694,65,Female,Chennai,23
100695,67,Female,Bengaluru,9
100696,41,Male,Pune,22
100697,36,Male,Chennai,19
100698,41,Female,Delhi,83
100699,31,Female,Hyderabad,18
100700,57,Female,Chennai,12
100701,56,Female,Hyderabad,49
100702,55,Female,Kolkata,20
100703,39,Female,Chennai,24
100704,40,Male,Kolkata,68
100705,38,Female,Delhi,112
100706,67,Male,Bengaluru,116
100707,61,Female,Delhi,113
100708,69,Female,Bengaluru,40
100709,34,Male,Kolkata,86
100710,35,Male,Bengaluru,40
100711,51,Male,Hyderabad,24
100712,21,Male,Pune,25
100713,23,Female,Delhi,105
100714,36,Male,Chennai,40
100715,43,Female,Delhi,37
100716,31,Male,Hyderabad,53
100717,32,Female,Bengaluru,49
100718,30,Female,Hyderabad,109
100719,52,Female,Mumbai,29
100720,36,Female,Mumbai,66
100721,28,Female,Chennai,22
100722,58,Female,Hyderabad,76
100723,32,Male,Kolkata,112
100724,44,Female,Chennai,55
100725,48,Male,Kolkata,70
100726,28,Male,Chennai,104
100727,48,Female,Mumbai,37
100728,56,Male,Chennai,41
100729,46,Female,Mumbai,18
100730,28,Male,Bengaluru,75
100731,48,Female,Kolkata,63
100732,48,Male,Hyderabad,19
100733,57,Female,Chennai,42
100734,61,Female,Mumbai,117
100735,56,Female,Delhi,84
100736,47,Female,Kolkata,116
100737,37,Male,Chennai,73
100738,29,Female,Pune,45
100739,53,Male,Bengaluru,64
100740,40,Male,Bengaluru,85
100741,33,Male,Delhi,97
100742,48,Female,Mumbai,21
100743,68,Male,Chennai,67
100744,49,Male,Kolkata,9
100745,33,Male,Mumbai,50
100746,66,Female,Bengaluru,95
100747,55,Female,Mumbai,33
100748,26,Male,Bengaluru,101
100749,38,Female,Mumbai,114
100750,25,Female,Delhi,71
100751,67,Male,Hyderabad,36
100752,45,Male,Delhi,8
100753,22,Female,Delhi,13
100754,30,Male,Hyderabad,29
100755,50,Female,Hyderabad,20
100756,65,Female,Chennai,48
100757,25,Female,Kolkata,36
100758,53,Female,Kolkata,78
100759,21,Female,Chennai,108
100760,38,Female,Delhi,50
100761,52,Male,Delhi,71
100762,67,Male,Bengaluru,13
100763,69,Female,Bengaluru,76
100764,31,Female,Kolkata,113
100765,41,Female,Chennai,108
100766,46,Male,Pune,111
100767,45,Female,Pune,62
100768,42,Male,Chennai,85
100769,47,Female,Bengaluru,104
100770,69,Female,Kolkata,35
100771,33,Male,Kolkata,79
100772,53,Male,Bengaluru,107
100773,54,Female,Pune,23
100774,61,Female,Mumbai,119
100775,55,Female,Mumbai,74
100776,21,Male,Bengaluru,98
100777,41,Male,Mumbai,44
100778,68,Male,Hyderabad,65
100779,26,Male,Chennai,103
100780,48,Male,Chennai,48
100781,37,Male,Bengaluru,50
100782,25,Female,Delhi,28
100783,51,Female,Pune,74
100784,25,Male,Bengaluru,99
100785,58,Female,Mumbai,11
100786,23,Female,Pune,61
100787,43,Male,Delhi,115
100788,57,Female,Mumbai,113
100789,57,Male,Kolkata,9
100790,30,Male,Hyderabad,98
100791,30,Female,Mumbai,28
100792,39,Male,Hyderabad,11
100793,37,Male,Pune,37
100794,41,Male,Hyderabad,111
100795,34,Male,Pune,23
100796,29,Male,Pune,20
100797,66,Male,Pune,45
100798,21,Male,Pune,101
100799,65,Male,Pune,78
100800,33,Female,Mumbai,106
100801,24,Female,Pune,79
100802,21,Female,Mumbai,89
100803,69,Male,Pune,11
100804,60,Male,Hyderabad,117
100805,52,Female,Kolkata,68
100806,54,Female,Pune,72
100807,48,Female,Delhi,111
100808,51,Male,Pune,16
100809,28,Female,Pune,48
100810,59,Female,Hyderabad,22
100811,46,Male,Chennai,101
100812,54,Female,Hyderabad,9
100813,23,Male,Delhi,68
100814,32,Male,Chennai,73
100815,21,Male,Bengaluru,86
100816,64,Female,Bengaluru,46
100817,25,Female,Delhi,88
100818,50,Male,Hyderabad,10
100819,50,Female,Mumbai,37
100820,37,Female,Delhi,91
100821,68,Female,Kolkata,75
100822,67,Female,Chennai,40
100823,43,Male,Chennai,27
100824,35,Female,Pune,70
100825,57,Male,Bengaluru,89
100826,41,Male,Chennai,27
100827,34,Female,Delhi,117
100828,22,Male,Chennai,16
100829,31,Female,Delhi,82
100830,59,Female,Mumbai,111
100831,58,Male,Pune,8
100832,54,Male,Bengaluru,14
100833,58,Male,Chennai,65
100834,54,Male,Delhi,81
100835,38,Female,Hyderabad,92
100836,50,Female,Bengaluru,19
100837,35,Female,Mumbai,102
100838,47,Male,Delhi,23
100839,54,Male,Kolkata,118
100840,58,Male,Kolkata,110
100841,53,Female,Pune,78
100842,44,Male,Pune,28
100843,35,Female,Mumbai,79
100844,50,Male,Mumbai,88
100845,62,Female,Pune,52
100846,37,Female,Chennai,74
100847,25,Male,Chennai,52
100848,49,Male,Delhi,92
100849,24,Female,Hyderabad,35
100850,30,Female,Delhi,30
100851,37,Male,Hyderabad,33
100852,30,Male,Mumbai,103
100853,37,Female,Bengaluru,114
100854,40,Male,Delhi,117
100855,44,Female,Delhi,116
100856,25,Female,Hyderabad,30
100857,54,Male,Mumbai,79
100858,26,Male,Mumbai,83
100859,22,Male,Kolkata,111
100860,33,Male,Hyderabad,115
100861,63,Male,Mumbai,63
100862,63,Female,Pune,99
100863,68,Female,Chennai,46
100864,31,Male,Kolkata,30
100865,67,Male,Pune,83
100866,43,Male,Bengaluru,104
100867,36,Female,Delhi,53
100868,51,Male,Kolkata,103
100869,31,Male,Bengaluru,15
100870,36,Female,Delhi,104
100871,28,Female,Chennai,80
100872,24,Male,Mumbai,16
100873,60,Male,Pune,90
100874,24,Male,Hyderabad,26
100875,45,Female,Pune,91
100876,23,Male,Chennai,50
100877,52,Male,Bengaluru,12
100878,23,Male,Hyderabad,86
100879,47,Female,Mumbai,69
100880,49,Female,Chennai,69
100881,52,Male,Hyderabad,7
100882,39,Male,Chennai,81
100883,41,Female,Chennai,47
100884,25,Female,Mumbai,87
100885,38,Female,Kolkata,59
100886,48,Female,Delhi,80
100887,62,Female,Hyderabad,21
100888,42,Female,Mumbai,118
100889,41,Female,Chennai,23
100890,26,Female,Mumbai,104
100891,21,Female,Kolkata,64
100892,25,Male,Delhi,95
100893,61,Male,Pune,21
100894,32,Male,Hyderabad,11
100895,46,Female,Delhi,62
100896,66,Male,Bengaluru,113
100897,54,Female,Hyderabad,112
100898,69,Female,Delhi,52
100899,34,Male,Chennai,116
100900,46,Female,Hyderabad,53
100901,65,Male,Hyderabad,47
100902,47,Male,Mumbai,81
100903,29,Male,Chennai,65
100904,46,Female,Bengaluru,82
100905,67,Male,Pune,9
100906,42,Female,Kolkata,108
100907,67,Male,Delhi,7
100908,50,Male,Mumbai,95
100909,63,Male,Delhi,64
100910,68,Female,Bengaluru,32
100911,37,Female,Bengaluru,32
100912,46,Female,Hyderabad,84
100913,56,Male,Kolkata,77
100914,21,Male,Bengaluru,12
100915,28,Female,Delhi,68
100916,69,Female,Chennai,116
100917,55,Female,Chennai,51
100918,35,Female,Hyderabad,68
100919,67,Female,Pune,109
100920,42,Female,Delhi,17
100921,34,Male,Delhi,18
100922,46,Female,Bengaluru,48
100923,48,Male,Kolkata,22
100924,43,Male,Delhi,68
100925,34,Female,Mumbai,86
100926,44,Female,Pune,41
100927,22,Male,Bengaluru,90
100928,65,Female,Mumbai,13
100929,46,Female,Hyderabad,74
100930,34,Male,Chennai,95
100931,27,Male,Hyderabad,85
100932,23,Male,Chennai,41
100933,67,Female,Hyderabad,33
100934,43,Male,Delhi,98
100935,66,Female,Mumbai,52
100936,63,Male,Chennai,81
100937,67,Male,Bengaluru,106
100938,65,Male,Mumbai,35
100939,38,Female,Bengaluru,28
100940,58,Female,Mumbai,21
100941,55,Male,Mumbai,19
100942,35,Male,Hyderabad,79
100943,45,Male,Chennai,76
100944,57,Female,Chennai,114
100945,48,Male,Kolkata,57
100946,30,Female,Mumbai,42
100947,59,Male,Delhi,34
100948,37,Male,Delhi,72
100949,59,Male,Bengaluru,20
100950,42,Male,Bengaluru,105
100951,46,Male,Hyderabad,52
100952,64,Male,Mumbai,51
100953,45,Female,Bengaluru,57
100954,37,Male,Bengaluru,24
100955,33,Female,Pune,82
100956,40,Male,Mumbai,111
100957,45,Male,Hyderabad,26
100958,24,Female,Bengaluru,69
100959,30,Male,Hyderabad,42
100960,23,Female,Chennai,32
100961,61,Female,Hyderabad,60
100962,65,Male,Delhi,34
100963,38,Female,Delhi,25
100964,67,Female,Hyderabad,30
100965,56,Male,Delhi,75
100966,67,Female,Chennai,68
100967,42,Male,Mumbai,41
100968,54,Male,Delhi,7
100969,67,Male,Delhi,27
100970,28,Male,Hyderabad,101
100971,60,Female,Chennai,21
100972,69,Male,Kolkata,23
100973,64,Male,Kolkata,74
100974,39,Female,Kolkata,59
100975,62,Male,Kolkata,105
100976,61,Male,Mumbai,35
100977,57,Female,Hyderabad,50
100978,26,Female,Hyderabad,24
100979,46,Female,Pune,92
100980,54,Female,Chennai,39
100981,65,Female,Kolkata,18
100982,26,Female,Mumbai,48
100983,57,Female,Chennai,67
100984,53,Male,Kolkata,98
100985,42,Female,Mumbai,105
100986,41,Female,Chennai,27
100987,26,Female,Hyderabad,57
100988,26,Male,Hyderabad,57
100989,68,Male,Bengaluru,116
100990,24,Female,Delhi,41
100991,50,Female,Kolkata,78
100992,31,Female,Pune,108
100993,50,Male,Chennai,24
100994,51,Male,Pune,43
100995,44,Female,Bengaluru,75
100996,29,Male,Delhi,116
100997,23,Female,Chennai,84
100998,51,Male,Mumbai,62
100999,60,Male,Kolkata,25
101000,57,Female,Delhi,14
101001,56,Female,Hyderabad,37
101002,44,Female,Bengaluru,9
101003,51,Female,Delhi,55
101004,26,Male,Kolkata,87
101005,22,Male,Delhi,10
101006,40,Male,Kolkata,25
101007,48,Female,Hyderabad,92
101008,31,Male,Chennai,80
101009,24,Female,Mumbai,42
101010,35,Male,Hyderabad,27
101011,26,Female,Mumbai,63
101012,69,Female,Chennai,73
101013,50,Male,Delhi,98
101014,58,Female,Mumbai,49
101015,22,Female,Bengaluru,39
101016,35,Male,Bengaluru,82
101017,31,Female,Kolkata,47
101018,28,Female,Hyderabad,14
101019,46,Female,Chennai,111
101020,65,Male,Kolkata,100
101021,64,Male,Hyderabad,12
101022,25,Female,Hyderabad,73
101023,26,Male,Kolkata,24
101024,46,Female,Pune,111
101025,24,Female,Hyderabad,99
101026,39,Female,Pune,36
101027,40,Female,Bengaluru,40
101028,53,Female,Bengaluru,62
101029,40,Male,Hyderabad,90
101030,69,Female,Bengaluru,66
101031,32,Male,Chennai,36
101032,67,Male,Pune,88
101033,21,Female,Pune,100
101034,46,Female,Hyderabad,58
101035,34,Male,Bengaluru,37
101036,58,Male,Mumbai,71
101037,57,Male,Kolkata,64
101038,31,Female,Kolkata,15
101039,56,Male,Pune,7
101040,33,Female,Hyderabad,71
101041,63,Female,Hyderabad,65
101042,23,Female,Chennai,93
101043,53,Male,Delhi,22
101044,26,Female,Delhi,101
101045,30,Female,Pune,21
101046,25,Female,Kolkata,21
101047,43,Female,Chennai,51
101048,30,Female,Chennai,44
101049,64,Male,Chennai,36
101050,22,Female,Pune,112
101051,33,Female,Delhi,93
101052,60,Male,Kolkata,6
101053,22,Female,Chennai,16
101054,40,Male,Kolkata,90
101055,21,Female,Bengaluru,9
101056,57,Male,Hyderabad,76
101057,29,Male,Hyderabad,31
101058,37,Female,Kolkata,116
101059,29,Female,Mumbai,55
101060,31,Female,Mumbai,17
101061,35,Male,Pune,100
101062,44,Male,Pune,86
101063,58,Male,Hyderabad,102
101064,55,Female,Bengaluru,80
101065,50,Male,Delhi,97
101066,51,Male,Delhi,101
101067,69,Female,Pune,70
101068,25,Male,Bengaluru,52
101069,64,Male,Pune,97
101070,34,Female,Delhi,58
101071,31,Male,Kolkata,111
101072,29,Female,Pune,76
101073,54,Female,Chennai,7
101074,32,Female,Kolkata,111
101075,55,Female,Pune,29
101076,55,Female,Hyderabad,9
101077,21,Male,Pune,113
101078,60,Male,Hyderabad,24
101079,42,Female,Bengaluru,31
101080,49,Female,Delhi,80
101081,28,Male,Kolkata,45
101082,31,Female,Kolkata,55
101083,61,Female,Mumbai,48
101084,57,Female,Mumbai,80
101085,34,Male,Delhi,114
101086,50,Male,Mumbai,72
101087,55,Female,Kolkata,17
101088,41,Female,Pune,72
101089,57,Male,Bengaluru,111
101090,25,Male,Bengaluru,32
101091,39,Female,Delhi,118
101092,34,Female,Mumbai,59
101093,46,Male,Pune,71
101094,24,Male,Bengaluru,54
101095,45,Male,Bengaluru,21
101096,65,Female,Chennai,7
101097,62,Male,Chennai,65
101098,45,Female,Kolkata,59
101099,38,Male,Bengaluru,35
101100,60,Male,Delhi,89
101101,28,Male,Hyderabad,43
101102,59,Male,Hyderabad,33
101103,60,Female,Pune,30
101104,34,Female,Bengaluru,101
101105,52,Male,Bengaluru,15
101106,58,Female,Kolkata,65
101107,53,Male,Bengaluru,47
101108,43,Male,Delhi,45
101109,35,Male,Chennai,102
101110,53,Male,Bengaluru,82
101111,45,Female,Bengaluru,110
101112,37,Male,Kolkata,47
101113,53,Male,Mumbai,52
101114,67,Female,Kolkata,42
101115,22,Male,Kolkata,85
101116,34,Male,Delhi,114
101117,60,Male,Pune,27
101118,60,Female,Bengaluru,62
101119,59,Male,Kolkata,89
101120,26,Female,Kolkata,119
101121,26,Male,Mumbai,112
101122,23,Male,Kolkata,32
101123,27,Female,Hyderabad,46
101124,28,Male,Pune,85
101125,62,Male,Bengaluru,39
101126,35,Female,Bengaluru,37
101127,67,Female,Mumbai,95
101128,49,Female,Delhi,94
101129,53,Female,Bengaluru,71
101130,50,Female,Hyderabad,17
101131,59,Male,Bengaluru,45
101132,47,Female,Hyderabad,78
101133,56,Male,Pune,81
101134,49,Male,Pune,95
101135,58,Male,Chennai,78
101136,53,Female,Chennai,15
101137,57,Female,Hyderabad,101
101138,47,Male,Delhi,103
101139,53,Female,Bengaluru,53
101140,24,Female,Kolkata,25
101141,42,Female,Bengaluru,44
101142,22,Female,Chennai,65
101143,30,Male,Kolkata,71
101144,25,Male,Hyderabad,70
101145,30,Female,Kolkata,56
101146,53,Male,Bengaluru,41
101147,58,Female,Bengaluru,29
101148,33,Female,Delhi,32
101149,51,Male,Mumbai,7
101150,67,Male,Kolkata,36
101151,56,Male,Chennai,62
101152,65,Female,Chennai,83
101153,44,Male,Mumbai,71
101154,35,Female,Bengaluru,34
101155,49,Male,Delhi,20
101156,28,Male,Delhi,17
101157,25,Female,Chennai,106
101158,49,Female,Delhi,33
101159,67,Female,Pune,89
101160,24,Female,Mumbai,108
101161,32,Female,Bengaluru,29
101162,65,Female,Pune,26
101163,22,Female,Mumbai,15
101164,47,Female,Hyderabad,115
101165,51,Male,Kolkata,83
101166,56,Female,Chennai,106
101167,56,Female,Delhi,23
101168,46,Male,Hyderabad,93
101169,63,Female,Delhi,19
101170,47,Male,Pune,39
101171,25,Male,Bengaluru,63
101172,40,Female,Bengaluru,81
101173,31,Male,Bengaluru,27
101174,30,Female,Delhi,75
101175,60,Male,Hyderabad,41
101176,58,Male,Bengaluru,50
101177,26,Male,Hyderabad,41
101178,28,Female,Delhi,27
101179,43,Female,Pune,83
101180,67,Male,Hyderabad,85
101181,46,Male,Pune,66
101182,66,Female,Delhi,105
101183,63,Female,Delhi,61
101184,32,Male,Chennai,94
101185,46,Male,Delhi,101
101186,33,Female,Delhi,38
101187,60,Female,Mumbai,50
101188,38,Female,Bengaluru,41
101189,45,Female,Chennai,25
101190,53,Female,Kolkata,23
101191,67,Male,Chennai,43
101192,60,Female,Chennai,72
101193,63,Male,Kolkata,28
101194,32,Female,Mumbai,101
101195,64,Male,Pune,114
101196,56,Female,Delhi,21
101197,68,Female,Bengaluru,64
101198,24,Male,Hyderabad,74
101199,25,Male,Kolkata,73
101200,57,Female,Pune,26
101201,28,Female,Kolkata,109
101202,62,Female,Delhi,83
101203,69,Female,Mumbai,108
101204,48,Female,Kolkata,100
101205,51,Male,Delhi,83
101206,29,Male,Delhi,75
101207,49,Female,Mumbai,17
101208,34,Male,Chennai,21
101209,60,Male,Chennai,86
101210,61,Male,Bengaluru,114
101211,42,Female,Bengaluru,92
101212,31,Male,Chennai,19
101213,43,Female,Pune,66
101214,21,Male,Hyderabad,76
101215,66,Female,Delhi,51
101216,57,Male,Hyderabad,37
101217,41,Female,Delhi,20
101218,46,Female,Chennai,49
101219,66,Male,Bengaluru,22
101220,56,Female,Pune,46
101221,43,Female,Bengaluru,59
101222,21,Female,Hyderabad,116
101223,60,Female,Bengaluru,49
101224,35,Female,Chennai,103
101225,41,Female,Pune,10
101226,67,Female,Hyderabad,114
101227,29,Female,Pune,32
101228,29,Male,Delhi,92
101229,30,Male,Bengaluru,109
101230,46,Female,Pune,83
101231,61,Female,Mumbai,84
101232,55,Male,Bengaluru,48
101233,45,Male,Delhi,102
101234,46,Male,Pune,36
101235,31,Female,Hyderabad,104
101236,58,Male,Delhi,22
101237,22,Female,Mumbai,97
101238,27,Female,Pune,88
101239,38,Male,Kolkata,115
101240,47,Female,Kolkata,59
101241,54,Female,Chennai,67
101242,47,Female,Bengaluru,92
101243,37,Female,Hyderabad,37
101244,63,Male,Chennai,45
101245,64,Male,Pune,18
101246,44,Female,Kolkata,89
101247,45,Female,Kolkata,40
101248,27,Male,Kolkata,10
101249,26,Female,Pune,78
101250,44,Male,Kolkata,34
101251,53,Female,Delhi,75
101252,69,Female,Pune,30
101253,49,Male,Hyderabad,100
101254,63,Male,Chennai,27
101255,42,Male,Hyderabad,71
101256,46,Male,Mumbai,50
101257,48,Female,Kolkata,74
101258,41,Male,Mumbai,96
101259,69,Female,Bengaluru,94
101260,27,Male,Bengaluru,77
101261,37,Male,Mumbai,6
101262,40,Female,Pune,89
101263,61,Male,Hyderabad,49
101264,69,Male,Mumbai,92
101265,40,Male,Bengaluru,101
101266,42,Male,Mumbai,80
101267,48,Female,Pune,44
101268,60,Female,Mumbai,116
101269,69,Male,Hyderabad,59
101270,27,Male,Chennai,93
101271,21,Male,Pune,80
101272,52,Female,Bengaluru,34
101273,33,Female,Hyderabad,59
101274,50,Female,Mumbai,95
101275,43,Female,Mumbai,21
101276,39,Male,Chennai,104
101277,52,Male,Bengaluru,25
101278,50,Male,Bengaluru,51
101279,49,Female,Delhi,72
101280,69,Male,Bengaluru,70
101281,65,Female,Chennai,63
101282,49,Female,Kolkata,58
101283,50,Male,Delhi,116
101284,36,Male,Delhi,6
101285,60,Male,Mumbai,86
101286,39,Female,Mumbai,71
101287,38,Female,Bengaluru,34
101288,21,Male,Delhi,89
101289,34,Male,Mumbai,75
101290,67,Female,Chennai,13
101291,22,Male,Mumbai,34
101292,48,Female,Pune,117
101293,69,Female,Pune,56
101294,50,Male,Mumbai,38
101295,58,Male,Delhi,8
101296,24,Male,Kolkata,65
101297,21,Male,Kolkata,40
101298,28,Female,Delhi,74
101299,49,Female,Hyderabad,96
101300,59,Female,Kolkata,113
101301,23,Male,Pune,81
101302,52,Female,Chennai,89
101303,30,Male,Delhi,114
101304,30,Male,Bengaluru,25
101305,39,Male,Pune,78
101306,66,Male,Chennai,44
101307,54,Male,Chennai,9
101308,53,Male,Delhi,24
101309,43,Female,Chennai,107
101310,48,Male,Delhi,96
101311,52,Female,Kolkata,50
101312,27,Female,Mumbai,48
101313,49,Male,Pune,18
101314,28,Male,Hyderabad,18
101315,21,Male,Mumbai,65
101316,23,Female,Pune,62
101317,44,Male,Delhi,91
101318,43,Female,Pune,97
101319,28,Male,Kolkata,57
101320,67,Male,Delhi,116
101321,57,Female,Mumbai,58
101322,23,Female,Bengaluru,114
101323,53,Male,Bengaluru,91
101324,48,Female,Pune,48
101325,67,Female,Bengaluru,88
101326,28,Female,Delhi,77
101327,54,Female,Chennai,77
101328,55,Female,Delhi,47
101329,52,Male,Chennai,95
101330,44,Male,Mumbai,117
101331,34,Female,Hyderabad,31
101332,52,Male,Chennai,28
101333,66,Male,Bengaluru,48
101334,63,Female,Delhi,82
101335,36,Male,Mumbai,33
101336,24,Female,Bengaluru,14
101337,57,Female,Mumbai,25
101338,41,Male,Hyderabad,61
101339,34,Female,Kolkata,88
101340,51,Female,Delhi,117
101341,68,Female,Pune,44
101342,38,Female,Delhi,56
101343,27,Female,Hyderabad,17
101344,30,Male,Delhi,84
101345,27,Male,Pune,100
101346,53,Female,Chennai,60
101347,43,Female,Mumbai,83
101348,41,Male,Pune,16
101349,39,Female,Bengaluru,31
101350,68,Male,Hyderabad,47
101351,39,Female,Chennai,32
101352,56,Female,Bengaluru,16
101353,49,Female,Bengaluru,43
101354,38,Female,Hyderabad,103
101355,22,Female,Chennai,48
101356,21,Female,Kolkata,24
101357,67,Female,Bengaluru,69
101358,25,Male,Bengaluru,11
101359,40,Male,Chennai,51
101360,31,Male,Delhi,107
101361,62,Female,Bengaluru,118
101362,22,Female,Mumbai,47
101363,23,Female,Chennai,97
101364,43,Female,Bengaluru,70
101365,32,Female,Hyderabad,104
101366,40,Female,Pune,109
101367,25,Female,Mumbai,77
101368,57,Male,Pune,64
101369,58,Female,Pune,57
101370,50,Male,Bengaluru,52
101371,29,Male,Mumbai,12
101372,54,Female,Mumbai,16
101373,64,Female,Delhi,108
101374,55,Male,Pune,66
101375,42,Male,Mumbai,73
101376,64,Female,Delhi,30
101377,44,Female,Chennai,17
101378,37,Male,Delhi,31
101379,30,Female,Hyderabad,107
101380,50,Female,Kolkata,115
101381,66,Female,Bengaluru,17
101382,43,Male,Chennai,48
101383,52,Male,Kolkata,56
101384,37,Male,Kolkata,42
101385,37,Female,Chennai,51
101386,34,Female,Hyderabad,58
101387,29,Male,Delhi,93
101388,60,Male,Bengaluru,85
101389,22,Male,Delhi,18
101390,65,Female,Mumbai,94
101391,45,Male,Delhi,59
101392,59,Male,Chennai,62
101393,29,Female,Bengaluru,9
101394,42,Female,Delhi,80
101395,63,Female,Bengaluru,101
101396,66,Male,Bengaluru,54
101397,24,Female,Mumbai,12
101398,46,Female,Mumbai,115
101399,49,Male,Chennai,16
101400,65,Female,Hyderabad,97
101401,54,Male,Kolkata,59
101402,43,Male,Bengaluru,110
101403,57,Female,Hyderabad,92
101404,31,Female,Kolkata,50
101405,26,Female,Kolkata,28
101406,38,Female,Chennai,119
101407,41,Female,Kolkata,33
101408,62,Female,Kolkata,112
101409,56,Male,Bengaluru,116
101410,61,Male,Bengaluru,62
101411,58,Female,Pune,31
101412,54,Male,Hyderabad,30
101413,37,Female,Delhi,59
101414,57,Male,Mumbai,34
101415,45,Male,Delhi,88
101416,58,Male,Hyderabad,102
101417,32,Female,Mumbai,41
101418,43,Male,Delhi,19
101419,62,Female,Pune,83
101420,42,Male,Mumbai,40
101421,41,Male,Bengaluru,35
101422,47,Male,Delhi,97
101423,51,Male,Mumbai,22
101424,26,Male,Pune,72
101425,47,Female,Kolkata,85
101426,60,Female,Mumbai,115
101427,54,Male,Mumbai,35
101428,32,Male,Pune,98
101429,65,Male,Kolkata,50
101430,27,Male,Delhi,84
101431,30,Female,Chennai,115
101432,65,Male,Delhi,94
101433,37,Female,Kolkata,56
101434,46,Male,Hyderabad,107
101435,41,Female,Pune,111
101436,48,Male,Delhi,52
101437,66,Male,Mumbai,58
101438,22,Female,Pune,69
101439,63,Male,Bengaluru,43
101440,21,Male,Kolkata,69
101441,56,Male,Delhi,92
101442,46,Female,Pune,94
101443,49,Male,Delhi,111
101444,41,Male,Pune,12
101445,31,Female,Mumbai,27
101446,60,Female,Bengaluru,86
101447,31,Female,Bengaluru,87
101448,56,Male,Hyderabad,118
101449,69,Male,Pune,46
101450,59,Male,Delhi,79
101451,60,Female,Bengaluru,15
101452,55,Male,Kolkata,62
101453,54,Male,Bengaluru,12
101454,67,Female,Chennai,117
101455,44,Female,Chennai,55
101456,42,Female,Bengaluru,107
101457,25,Female,Pune,96
101458,53,Female,Hyderabad,57
101459,56,Male,Bengaluru,38
101460,67,Female,Mumbai,6
101461,40,Male,Delhi,113
101462,39,Male,Hyderabad,58
101463,55,Female,Mumbai,65
101464,63,Female,Hyderabad,39
101465,37,Female,Mumbai,9
101466,65,Male,Delhi,22
101467,63,Female,Delhi,9
101468,54,Female,Chennai,48
101469,29,Female,Pune,95
101470,46,Female,Mumbai,9
101471,22,Female,Chennai,6
101472,29,Male,Mumbai,76
101473,29,Male,Chennai,99
101474,60,Male,Delhi,55
101475,37,Female,Hyderabad,78
101476,21,Female,Kolkata,66
101477,45,Female,Chennai,40
101478,63,Male,Mumbai,13
101479,60,Female,Mumbai,29
101480,62,Female,Kolkata,88
101481,45,Female,Pune,41
101482,59,Male,Delhi,55
101483,55,Female,Mumbai,48
101484,23,Male,Bengaluru,32
101485,57,Female,Hyderabad,37
101486,64,Male,Chennai,83
101487,64,Male,Pune,23
101488,50,Male,Kolkata,33
101489,58,Female,Hyderabad,34
101490,54,Female,Delhi,21
101491,32,Male,Pune,104
101492,39,Male,Chennai,52
101493,57,Female,Chennai,64
101494,64,Female,Kolkata,36
101495,69,Male,Bengaluru,9
101496,37,Female,Kolkata,42
101497,30,Female,Delhi,22
101498,69,Female,Pune,44
101499,67,Female,Pune,53
101500,32,Male,Mumbai,51
101501,36,Female,Bengaluru,95
101502,44,Female,Bengaluru,53
101503,39,Male,Pune,44
101504,28,Male,Pune,110
101505,51,Female,Hyderabad,9
101506,41,Female,Hyderabad,35
101507,37,Female,Hyderabad,35
101508,43,Female,Bengaluru,27
101509,57,Male,Mumbai,80
101510,36,Male,Chennai,71
101511,26,Male,Hyderabad,113
101512,28,Female,Mumbai,17
101513,45,Female,Kolkata,99
101514,38,Female,Delhi,41
101515,45,Female,Hyderabad,23
101516,32,Male,Kolkata,95
101517,35,Male,Chennai,58
101518,46,Female,Delhi,76
101519,61,Male,Delhi,6
101520,65,Female,Chennai,63
101521,46,Female,Hyderabad,95
101522,67,Male,Bengaluru,92
101523,52,Female,Chennai,95
101524,30,Female,Chennai,114
101525,36,Male,Chennai,11
101526,27,Female,Delhi,75
101527,37,Female,Mumbai,49
101528,43,Male,Kolkata,77
101529,46,Female,Bengaluru,29
101530,41,Male,Hyderabad,91
101531,42,Female,Hyderabad,24
101532,27,Male,Kolkata,106
101533,34,Male,Mumbai,23
101534,35,Male,Chennai,100
101535,27,Female,Bengaluru,106
101536,29,Male,Hyderabad,35
101537,68,Male,Kolkata,47
101538,28,Male,Pune,38
101539,43,Male,Kolkata,79
101540,49,Male,Hyderabad,106
101541,38,Female,Chennai,17
101542,51,Female,Pune,99
101543,50,Female,Mumbai,32
101544,59,Female,Bengaluru,44
101545,55,Female,Mumbai,14
101546,38,Female,Mumbai,26
101547,62,Female,Kolkata,81
101548,59,Male,Bengaluru,34
101549,37,Female,Bengaluru,38
101550,34,Male,Hyderabad,112
101551,51,Male,Hyderabad,67
101552,44,Female,Bengaluru,20
101553,55,Male,Pune,7
101554,64,Male,Delhi,57
101555,65,Male,Hyderabad,108
101556,54,Male,Delhi,49
101557,23,Female,Kolkata,59
101558,57,Female,Pune,23
101559,63,Female,Bengaluru,8
101560,60,Female,Pune,12
101561,46,Female,Hyderabad,48
101562,43,Female,Mumbai,87
101563,64,Female,Kolkata,113
101564,59,Female,Bengaluru,43
101565,35,Female,Chennai,42
101566,69,Female,Kolkata,63
101567,24,Male,Delhi,38
101568,49,Female,Pune,113
101569,42,Male,Bengaluru,64
101570,45,Male,Kolkata,100
101571,33,Male,Pune,16
101572,38,Male,Bengaluru,73
101573,53,Female,Hyderabad,87
101574,36,Male,Kolkata,73
101575,65,Female,Hyderabad,118
101576,62,Female,Kolkata,103
101577,64,Male,Hyderabad,98
101578,22,Female,Pune,93
101579,55,Male,Chennai,27
101580,62,Male,Kolkata,71
101581,54,Female,Kolkata,49
101582,50,Female,Hyderabad,11
101583,33,Male,Bengaluru,47
101584,33,Female,Kolkata,30
101585,38,Female,Hyderabad,62
101586,52,Female,Mumbai,90
101587,52,Male,Hyderabad,60
101588,55,Male,Pune,21
101589,59,Female,Chennai,100
101590,66,Female,Mumbai,19
101591,49,Female,Pune,44
101592,69,Female,Pune,33
101593,49,Female,Pune,101
101594,64,Male,Bengaluru,97
101595,36,Female,Pune,56
101596,64,Male,Bengaluru,54
101597,67,Female,Pune,14
101598,30,Male,Delhi,63
101599,50,Female,Mumbai,50
101600,45,Male,Delhi,27
101601,59,Female,Pune,37
101602,40,Male,Mumbai,74
101603,25,Male,Mumbai,92
101604,21,Male,Kolkata,74
101605,50,Male,Chennai,47
101606,69,Male,Delhi,58
101607,23,Male,Chennai,101
101608,65,Female,Mumbai,64
101609,34,Male,Bengaluru,79
101610,50,Female,Mumbai,44
101611,24,Female,Chennai,20
101612,38,Female,Delhi,76
101613,57,Female,Pune,34
101614,45,Female,Kolkata,116
101615,68,Male,Kolkata,8
101616,21,Male,Kolkata,88
101617,66,Male,Pune,15
101618,35,Female,Kolkata,97
101619,29,Male,Delhi,34
101620,35,Male,Pune,84
101621,69,Male,Kolkata,40
101622,44,Male,Pune,11
101623,24,Male,Chennai,17
101624,32,Female,Delhi,116
101625,57,Male,Hyderabad,43
101626,57,Female,Bengaluru,82
101627,63,Female,Kolkata,98
101628,26,Female,Bengaluru,24
101629,59,Female,Pune,72
101630,66,Female,Bengaluru,13
101631,44,Male,Delhi,13
101632,31,Male,Delhi,89
101633,33,Male,Mumbai,52
101634,54,Female,Kolkata,9
101635,45,Male,Mumbai,56
101636,27,Male,Bengaluru,90
101637,24,Female,Hyderabad,72
101638,28,Female,Mumbai,50
101639,40,Female,Mumbai,13
101640,49,Female,Delhi,92
101641,65,Male,Hyderabad,21
101642,66,Female,Pune,82
101643,30,Female,Bengaluru,72
101644,63,Male,Mumbai,117
101645,54,Male,Hyderabad,14
101646,46,Female,Kolkata,65
101647,61,Male,Hyderabad,83
101648,69,Female,Bengaluru,82
101649,23,Female,Hyderabad,76
101650,26,Male,Hyderabad,20
101651,25,Male,Hyderabad,76
101652,25,Female,Kolkata,107
101653,67,Female,Mumbai,103
101654,43,Female,Bengaluru,46
101655,69,Male,Kolkata,27
101656,29,Female,Hyderabad,29
101657,55,Female,Hyderabad,118
101658,40,Female,Mumbai,106
101659,69,Female,Bengaluru,49
101660,62,Female,Delhi,6
101661,55,Male,Kolkata,15
101662,38,Female,Mumbai,112
101663,37,Female,Bengaluru,85
101664,44,Female,Kolkata,115
101665,23,Female,Hyderabad,77
101666,52,Male,Bengaluru,61
101667,55,Male,Bengaluru,118
101668,58,Male,Pune,94
101669,33,Female,Bengaluru,55
101670,67,Female,Delhi,17
101671,45,Male,Bengaluru,94
101672,29,Male,Delhi,86
101673,24,Male,Hyderabad,65
101674,34,Female,Delhi,31
101675,57,Female,Kolkata,115
101676,54,Male,Hyderabad,117
101677,31,Male,Hyderabad,83
101678,61,Male,Delhi,46
101679,23,Female,Mumbai,41
101680,48,Female,Chennai,28
101681,49,Female,Bengaluru,48
101682,29,Male,Pune,11
101683,23,Male,Chennai,116
101684,45,Female,Bengaluru,74
101685,54,Male,Bengaluru,48
101686,32,Female,Hyderabad,30
101687,62,Male,Bengaluru,23
101688,29,Male,Pune,67
101689,35,Male,Bengaluru,18
101690,60,Male,Delhi,48
101691,45,Female,Chennai,83
101692,25,Male,Delhi,33
101693,31,Female,Pune,23
101694,54,Female,Bengaluru,64
101695,44,Female,Kolkata,65
101696,35,Male,Pune,68
101697,58,Female,Hyderabad,62
101698,28,Female,Delhi,97
101699,25,Female,Delhi,56
101700,68,Male,Mumbai,61
101701,46,Male,Bengaluru,32
101702,38,Female,Hyderabad,37
101703,26,Male,Kolkata,116
101704,57,Female,Delhi,14
101705,68,Female,Delhi,109
101706,33,Male,Hyderabad,101
101707,48,Female,Pune,89
101708,25,Male,Pune,97
101709,33,Male,Bengaluru,102
101710,37,Female,Mumbai,73
101711,60,Male,Delhi,51
101712,65,Male,Mumbai,103
101713,52,Female,Pune,117
101714,49,Female,Pune,72
101715,23,Male,Chennai,31
101716,60,Male,Kolkata,13
101717,54,Female,Bengaluru,11
101718,60,Male,Chennai,85
101719,47,Male,Kolkata,29
101720,33,Male,Chennai,53
101721,65,Male,Chennai,108
101722,53,Male,Bengaluru,99
101723,26,Male,Bengaluru,50
101724,44,Male,Hyderabad,18
101725,39,Female,Mumbai,74
101726,36,Female,Mumbai,30
101727,60,Female,Hyderabad,25
101728,48,Female,Hyderabad,87
101729,53,Female,Pune,116
101730,68,Male,Kolkata,87
101731,61,Male,Chennai,71
101732,33,Male,Hyderabad,79
101733,63,Male,Delhi,50
101734,65,Female,Mumbai,119
101735,45,Male,Hyderabad,52
101736,62,Male,Delhi,68
101737,56,Female,Delhi,81
101738,47,Male,Delhi,116
101739,58,Male,Pune,82
101740,27,Female,Pune,119
101741,25,Male,Delhi,116
101742,63,Male,Kolkata,60
101743,65,Male,Pune,80
101744,51,Male,Chennai,24
101745,43,Male,Delhi,40
101746,62,Female,Chennai,108
101747,30,Female,Chennai,58
101748,52,Female,Delhi,31
101749,63,Female,Mumbai,115
101750,50,Female,Kolkata,19
101751,59,Female,Delhi,50
101752,51,Male,Delhi,49
101753,38,Female,Pune,93
101754,56,Female,Delhi,110
101755,22,Male,Mumbai,70
101756,34,Male,Pune,56
101757,33,Female,Bengaluru,48
101758,49,Male,Bengaluru,91
101759,32,Female,Chennai,28
101760,59,Male,Kolkata,61
101761,22,Female,Chennai,24
101762,52,Male,Mumbai,87
101763,33,Male,Hyderabad,81
101764,66,Female,Kolkata,60
101765,47,Female,Bengaluru,97
101766,69,Female,Chennai,97
101767,61,Female,Bengaluru,65
101768,37,Female,Mumbai,64
101769,60,Male,Mumbai,38
101770,51,Female,Hyderabad,24
101771,54,Female,Hyderabad,33
101772,44,Male,Pune,57
101773,65,Male,Kolkata,54
101774,55,Female,Mumbai,42
101775,68,Male,Chennai,31
101776,26,Male,Bengaluru,104
101777,39,Female,Delhi,103
101778,50,Male,Hyderabad,104
101779,27,Male,Delhi,45
101780,30,Female,Chennai,85
101781,61,Female,Hyderabad,43
101782,52,Male,Delhi,82
101783,54,Male,Kolkata,92
101784,48,Female,Chennai,59
101785,35,Male,Bengaluru,27
101786,50,Male,Kolkata,21
101787,57,Male,Chennai,33
101788,49,Female,Pune,117
101789,42,Male,Hyderabad,40
101790,24,Male,Mumbai,65
101791,40,Female,Bengaluru,50
101792,52,Male,Kolkata,51
101793,56,Male,Kolkata,77
101794,24,Female,Delhi,113
101795,47,Female,Hyderabad,60
101796,37,Female,Mumbai,91
101797,32,Female,Chennai,90
101798,42,Male,Mumbai,31
101799,37,Male,Hyderabad,109
101800,30,Female,Hyderabad,90
101801,21,Female,Pune,30
101802,42,Male,Pune,110
101803,46,Female,Mumbai,70
101804,38,Male,Chennai,11
101805,34,Female,Mumbai,28
101806,67,Male,Hyderabad,69
101807,49,Female,Hyderabad,92
101808,32,Female,Delhi,48
101809,56,Male,Pune,112
101810,55,Female,Delhi,28
101811,32,Male,Bengaluru,101
101812,27,Male,Hyderabad,35
101813,49,Male,Delhi,82
101814,31,Male,Mumbai,112
101815,53,Male,Pune,23
101816,26,Female,Pune,92
101817,67,Female,Chennai,84
101818,35,Male,Mumbai,102
101819,52,Female,Chennai,26
101820,31,Male,Delhi,62
101821,43,Female,Kolkata,108
101822,46,Female,Bengaluru,28
101823,54,Female,Mumbai,96
101824,66,Female,Mumbai,50
101825,54,Male,Mumbai,49
101826,49,Male,Chennai,87
101827,24,Female,Delhi,93
101828,37,Female,Mumbai,52
101829,55,Male,Kolkata,45
101830,33,Female,Mumbai,56
101831,61,Male,Pune,47
101832,59,Male,Bengaluru,12
101833,35,Male,Pune,55
101834,49,Female,Pune,53
101835,49,Male,Bengaluru,89
101836,31,Female,Kolkata,96
101837,52,Male,Delhi,11
101838,22,Female,Pune,96
101839,67,Female,Delhi,14
101840,34,Female,Pune,114
101841,40,Male,Hyderabad,62
101842,42,Male,Bengaluru,36
101843,31,Female,Pune,26
101844,47,Female,Hyderabad,95
101845,23,Female,Chennai,45
101846,37,Male,Hyderabad,117
101847,64,Male,Mumbai,50
101848,48,Male,Pune,82
101849,49,Male,Hyderabad,54
101850,41,Female,Delhi,92
101851,67,Female,Chennai,25
101852,36,Male,Kolkata,106
101853,57,Male,Pune,97
101854,40,Female,Mumbai,22
101855,26,Male,Kolkata,33
101856,39,Male,Hyderabad,46
101857,25,Male,Kolkata,71
101858,23,Male,Kolkata,30
101859,21,Male,Chennai,63
101860,58,Male,Kolkata,119
101861,35,Female,Kolkata,46
101862,54,Male,Pune,11
101863,55,Male,Chennai,80
101864,69,Female,Mumbai,43
101865,45,Female,Hyderabad,11
101866,44,Female,Chennai,50
101867,32,Male,Chennai,80
101868,38,Female,Bengaluru,19
101869,35,Male,Chennai,71
101870,64,Male,Bengaluru,45
101871,36,Male,Hyderabad,8
101872,47,Female,Kolkata,104
101873,28,Female,Pune,102
101874,66,Female,Pune,29
101875,45,Female,Hyderabad,24
101876,37,Female,Hyderabad,23
101877,49,Male,Delhi,69
101878,28,Male,Kolkata,118
101879,35,Male,Hyderabad,93
101880,47,Male,Chennai,114
101881,66,Female,Pune,40
101882,27,Female,Mumbai,67
101883,23,Male,Pune,6
101884,49,Female,Bengaluru,105
101885,64,Female,Pune,30
101886,44,Male,Delhi,50
101887,23,Male,Kolkata,54
101888,40,Female,Hyderabad,112
101889,66,Female,Kolkata,103
101890,35,Male,Hyderabad,94
101891,45,Male,Pune,21
101892,50,Male,Mumbai,103
101893,34,Female,Mumbai,98
101894,27,Male,Delhi,24
101895,37,Male,Bengaluru,28
101896,64,Female,Pune,88
101897,40,Female,Hyderabad,30
101898,56,Female,Pune,21
101899,29,Female,Delhi,59
101900,58,Female,Chennai,78
101901,68,Male,Chennai,6
101902,42,Male,Delhi,47
101903,22,Female,Hyderabad,24
101904,44,Female,Kolkata,102
101905,28,Female,Delhi,39
101906,31,Female,Hyderabad,85
101907,33,Female,Mumbai,113
101908,37,Male,Delhi,109
101909,28,Male,Hyderabad,60
101910,41,Male,Delhi,23
101911,38,Male,Delhi,39
101912,50,Female,Kolkata,94
101913,38,Male,Kolkata,50
101914,66,Female,Hyderabad,11
101915,67,Female,Hyderabad,26
101916,51,Female,Bengaluru,75
101917,58,Male,Delhi,101
101918,52,Female,Chennai,110
101919,31,Male,Delhi,53
101920,65,Male,Delhi,112
101921,45,Female,Hyderabad,44
101922,53,Female,Delhi,36
101923,58,Female,Pune,111
101924,61,Male,Delhi,15
101925,28,Female,Pune,35
101926,31,Male,Kolkata,23
101927,42,Female,Chennai,65
101928,44,Female,Hyderabad,93
101929,61,Male,Delhi,78
101930,37,Male,Pune,100
101931,32,Male,Pune,20
101932,66,Male,Kolkata,9
101933,52,Male,Pune,68
101934,35,Male,Mumbai,45
101935,36,Female,Bengaluru,14
101936,42,Female,Chennai,114
101937,48,Male,Kolkata,14
101938,40,Female,Kolkata,31
101939,53,Male,Delhi,9
101940,30,Female,Mumbai,86
101941,60,Female,Delhi,21
101942,52,Male,Delhi,20
101943,53,Male,Hyderabad,104
101944,22,Male,Hyderabad,57
101945,53,Female,Hyderabad,74
101946,53,Male,Mumbai,10
101947,61,Female,Delhi,25
101948,33,Male,Bengaluru,84
101949,50,Female,Chennai,23
101950,53,Female,Hyderabad,116
101951,33,Male,Hyderabad,7
101952,46,Female,Kolkata,98
101953,42,Female,Delhi,18
101954,59,Male,Delhi,9
101955,22,Female,Mumbai,47
101956,58,Male,Mumbai,114
101957,59,Male,Hyderabad,79
101958,46,Male,Delhi,66
101959,66,Male,Bengaluru,100
101960,35,Female,Chennai,110
101961,54,Female,Delhi,13
101962,62,Female,Kolkata,72
101963,64,Male,Delhi,117
101964,69,Female,Pune,68
101965,60,Female,Mumbai,115
101966,31,Male,Kolkata,14
101967,23,Male,Chennai,99
101968,26,Female,Hyderabad,16
101969,29,Male,Kolkata,104
101970,26,Male,Delhi,106
101971,29,Male,Hyderabad,47
101972,59,Male,Delhi,18
101973,51,Female,Hyderabad,41
101974,52,Male,Chennai,18
101975,61,Male,Mumbai,17
101976,32,Male,Chennai,42
101977,28,Male,Pune,79
101978,28,Male,Bengaluru,78
101979,48,Male,Mumbai,57
101980,40,Male,Chennai,76
101981,67,Male,Pune,7
101982,27,Female,Bengaluru,61
101983,31,Male,Pune,65
101984,40,Female,Delhi,28
101985,36,Male,Delhi,108
101986,24,Male,Hyderabad,45
101987,26,Male,Mumbai,69
101988,42,Male,Delhi,108
101989,46,Female,Kolkata,90
101990,23,Male,Pune,28
101991,61,Male,Mumbai,34
101992,62,Female,Kolkata,83
101993,34,Female,Delhi,95
101994,31,Male,Hyderabad,56
101995,38,Female,Chennai,74
101996,32,Female,Hyderabad,100
101997,43,Female,Kolkata,94
101998,32,Male,Bengaluru,36
101999,33,Male,Delhi,55
